controller,channel_or_pin,joint,expected_model,actual_brand,actual_model,rated_voltage_v,stall_current_a,wire_colors,mechanically_disconnected,minimum_us,rest_us,maximum_us,direction,notes
PCA9685,0,eyeLeftLR,JX PDI-1109MG,,,,,,yes,,1500,,,
PCA9685,1,eyeLeftUD,JX PDI-1109MG,,,,,,yes,,1500,,,
PCA9685,2,eyeRightLR,JX PDI-1109MG,,,,,,yes,,1500,,,
PCA9685,3,eyeRightUD,JX PDI-1109MG,,,,,,yes,,1500,,,
PCA9685,4,eyelidLeftUpper,JX PDI-1109MG,,,,,,yes,,1500,,,
PCA9685,5,eyelidLeftLower,JX PDI-1109MG,,,,,,yes,,1500,,,
PCA9685,6,eyelidRightUpper,JX PDI-1109MG,,,,,,yes,,1500,,,
PCA9685,7,eyelidRightLower,JX PDI-1109MG,,,,,,yes,,1500,,,
PCA9685,8,eyebrowLeft,JX PDI-1109MG,,,,,,no,,1500,,,Neutral confirmed at approximately 90 degrees on 2026-09-09
PCA9685,9,eyebrowRight,JX PDI-1109MG,,,,,,yes,,1500,,,
PCA9685,10,cheekLeft,JX PDI-1109MG,,,,,,yes,,1500,,,
PCA9685,11,cheekRight,JX PDI-1109MG,,,,,,yes,,1500,,,
PCA9685,12,foreheadLeft,JX PDI-1109MG,,,,,,yes,,1500,,,
PCA9685,13,foreheadRight,JX PDI-1109MG,,,,,,yes,,1500,,,
PCA9685,14,upperLip,JX PDI-1109MG,,,,,,yes,,1500,,,
PCA9685,15,reserved,-,,,,,,yes,,,,,
Mega,D44,jaw,JX PDI-6221MG,,,,,,yes,,1500,,,
Mega,D45,headRotate,JX PDI-6221MG or HS-805BB,,,,,,yes,,1500,,,
